batch_id,original_product_id,product_name,product_url,image_path,source_image_url,source_site,expiration_info_dom,storage_method_dom,storage_type_dom,food_name_candidate,weight_raw,quantity_raw,sales_unit_raw
20260723-jaeseong-001,5047857,[델리치오] 호주산 소고기 목초육 안심 스테이크 250g (냉장),https://www.kurly.com/goods/5047857,detail_images/5047857_01_894b60443e7c.jpg,https://img-cf.kurly.com/hdims/resize/%3E1010x/quality/90/src/shop/data/goodsview/20200116/gv20000078198_1.jpg,KURLY,수령일 포함 최소 3일 남은 제품을 보내 드립니다.,-2~10℃에서 즉시 냉장 보관하세요.,REFRIGERATED,소고기 안심 스테이크,250g,2개입,1팩
20260723-jaeseong-001,5047857,[델리치오] 호주산 소고기 목초육 안심 스테이크 250g (냉장),https://www.kurly.com/goods/5047857,detail_images/5047857_02_aa9c4416540e.jpg,https://img-cf.kurly.com/hdims/resize/%3E1010x/quality/90/src/shop/data/goodsview/20210604/gv10000190320_1.jpg,KURLY,수령일 포함 최소 3일 남은 제품을 보내 드립니다.,-2~10℃에서 즉시 냉장 보관하세요.,REFRIGERATED,소고기 안심 스테이크,250g,2개입,1팩
20260723-jaeseong-001,5047857,[델리치오] 호주산 소고기 목초육 안심 스테이크 250g (냉장),https://www.kurly.com/goods/5047857,detail_images/5047857_03_0e99833479f5.jpg,https://img-cf.kurly.com/hdims/resize/%3E1010x/quality/90/src/shop/data/goodsview/20210513/gv00000183188_1.jpg,KURLY,수령일 포함 최소 3일 남은 제품을 보내 드립니다.,-2~10℃에서 즉시 냉장 보관하세요.,REFRIGERATED,소고기 안심 스테이크,250g,2개입,1팩
20260723-jaeseong-001,5047857,[델리치오] 호주산 소고기 목초육 안심 스테이크 250g (냉장),https://www.kurly.com/goods/5047857,detail_images/5047857_04_77c8588771c1.jpg,https://img-cf.kurly.com/hdims/resize/%3E1010x/quality/90/src/shop/data/goodsview/20231121/gv20000780975_1.jpg,KURLY,수령일 포함 최소 3일 남은 제품을 보내 드립니다.,-2~10℃에서 즉시 냉장 보관하세요.,REFRIGERATED,소고기 안심 스테이크,250g,2개입,1팩
20260723-jaeseong-test-001,1001458646,"[골라담기] 일상味소 국내산 소고기 요리용 8종, 택1",https://www.kurly.com/goods/1001458646,detail_images/1001458646_01_44c64a8d9183.jpg,https://product-image.kurly.com/hdims/resize/%3E1010x/quality/90/src/product/image/4c55a980-1777-4ae0-b219-d84d5a5b78a8.jpg,KURLY,상품설명/상세정보 참조,,UNKNOWN,"일상味소 소고기 요리용 8종, 택1",200g,"첫 구매니까, 하나만 사도 무료배송상품을 선택해주세요",1팩
20260723-jaeseong-test-001,1001458646,"[골라담기] 일상味소 국내산 소고기 요리용 8종, 택1",https://www.kurly.com/goods/1001458646,detail_images/1001458646_02_81a671144960.jpg,https://product-image.kurly.com/hdims/resize/%3E1010x/quality/90/src/product/image/1427d560-0120-4636-ab43-bf8284cdec0d.jpg,KURLY,상품설명/상세정보 참조,,UNKNOWN,"일상味소 소고기 요리용 8종, 택1",200g,"첫 구매니까, 하나만 사도 무료배송상품을 선택해주세요",1팩
20260723-jaeseong-test-001,1001458646,"[골라담기] 일상味소 국내산 소고기 요리용 8종, 택1",https://www.kurly.com/goods/1001458646,detail_images/1001458646_03_44df69037275.jpg,https://product-image.kurly.com/hdims/resize/%3E1010x/quality/90/src/product/image/bfac5158-1112-441d-bfb4-fa8f96729c00.jpg,KURLY,상품설명/상세정보 참조,,UNKNOWN,"일상味소 소고기 요리용 8종, 택1",200g,"첫 구매니까, 하나만 사도 무료배송상품을 선택해주세요",1팩
20260723-jaeseong-test-001,1001458646,"[골라담기] 일상味소 국내산 소고기 요리용 8종, 택1",https://www.kurly.com/goods/1001458646,detail_images/1001458646_04_164375c4899c.jpg,https://product-image.kurly.com/hdims/resize/%3E1010x/quality/90/src/product/image/51c2d507-2f63-4b2e-8bd0-196804fb52a4.jpg,KURLY,상품설명/상세정보 참조,,UNKNOWN,"일상味소 소고기 요리용 8종, 택1",200g,"첫 구매니까, 하나만 사도 무료배송상품을 선택해주세요",1팩
20260723-jaeseong-test-001,1001458646,"[골라담기] 일상味소 국내산 소고기 요리용 8종, 택1",https://www.kurly.com/goods/1001458646,detail_images/1001458646_05_f69909cdf5de.jpg,https://product-image.kurly.com/hdims/resize/%3E1010x/quality/90/src/product/image/8bbcbd26-05c7-41db-9292-aff845e7434e.jpg,KURLY,상품설명/상세정보 참조,,UNKNOWN,"일상味소 소고기 요리용 8종, 택1",200g,"첫 구매니까, 하나만 사도 무료배송상품을 선택해주세요",1팩
20260723-jaeseong-test-001,1001458646,"[골라담기] 일상味소 국내산 소고기 요리용 8종, 택1",https://www.kurly.com/goods/1001458646,detail_images/1001458646_06_35b504ad4bf6.jpg,https://product-image.kurly.com/hdims/resize/%3E1010x/quality/90/src/product/image/88584a85-467d-4f81-8bdd-f6e65c0afad1.jpg,KURLY,상품설명/상세정보 참조,,UNKNOWN,"일상味소 소고기 요리용 8종, 택1",200g,"첫 구매니까, 하나만 사도 무료배송상품을 선택해주세요",1팩
20260723-jaeseong-test-001,1001458646,"[골라담기] 일상味소 국내산 소고기 요리용 8종, 택1",https://www.kurly.com/goods/1001458646,detail_images/1001458646_07_a50177767f6f.jpg,https://product-image.kurly.com/hdims/resize/%3E1010x/quality/90/src/product/image/89193e44-73b1-484d-853e-eec97b4b2956.jpg,KURLY,상품설명/상세정보 참조,,UNKNOWN,"일상味소 소고기 요리용 8종, 택1",200g,"첫 구매니까, 하나만 사도 무료배송상품을 선택해주세요",1팩
20260723-jaeseong-test-001,1001458646,"[골라담기] 일상味소 국내산 소고기 요리용 8종, 택1",https://www.kurly.com/goods/1001458646,detail_images/1001458646_08_3be06200fe92.jpg,https://product-image.kurly.com/hdims/resize/%3E1010x/quality/90/src/product/image/96c787e5-3220-4e48-9bf7-7d4858d0e80f.jpg,KURLY,상품설명/상세정보 참조,,UNKNOWN,"일상味소 소고기 요리용 8종, 택1",200g,"첫 구매니까, 하나만 사도 무료배송상품을 선택해주세요",1팩
20260723-jaeseong-test-001,1001458646,"[골라담기] 일상味소 국내산 소고기 요리용 8종, 택1",https://www.kurly.com/goods/1001458646,detail_images/1001458646_09_ee8d7fa69317.jpg,https://product-image.kurly.com/hdims/resize/%3E1010x/quality/90/src/product/image/e329c244-a991-4765-bb22-c78d8a3ef097.jpg,KURLY,상품설명/상세정보 참조,,UNKNOWN,"일상味소 소고기 요리용 8종, 택1",200g,"첫 구매니까, 하나만 사도 무료배송상품을 선택해주세요",1팩
20260723-jaeseong-test-001,1001458646,"[골라담기] 일상味소 국내산 소고기 요리용 8종, 택1",https://www.kurly.com/goods/1001458646,detail_images/1001458646_10_793c21e3f3cb.jpg,https://product-image.kurly.com/hdims/resize/%3E1010x/quality/90/src/product/image/4013d880-6070-43da-a951-acf8042aadf5.jpg,KURLY,상품설명/상세정보 참조,,UNKNOWN,"일상味소 소고기 요리용 8종, 택1",200g,"첫 구매니까, 하나만 사도 무료배송상품을 선택해주세요",1팩
20260723-jaeseong-test-001,1001458646,"[골라담기] 일상味소 국내산 소고기 요리용 8종, 택1",https://www.kurly.com/goods/1001458646,detail_images/1001458646_11_f4ec3a540eff.jpg,https://product-image.kurly.com/hdims/resize/%3E1010x/quality/90/src/product/image/0add2fc1-1fa9-4b38-ab19-a6794b269ae0.jpg,KURLY,상품설명/상세정보 참조,,UNKNOWN,"일상味소 소고기 요리용 8종, 택1",200g,"첫 구매니까, 하나만 사도 무료배송상품을 선택해주세요",1팩
20260723-jaeseong-test-001,1001458646,"[골라담기] 일상味소 국내산 소고기 요리용 8종, 택1",https://www.kurly.com/goods/1001458646,detail_images/1001458646_12_79c676000352.jpg,https://product-image.kurly.com/hdims/resize/%3E1010x/quality/90/src/product/image/5ee1486e-d97e-4c4d-9125-401ff131c010.jpg,KURLY,상품설명/상세정보 참조,,UNKNOWN,"일상味소 소고기 요리용 8종, 택1",200g,"첫 구매니까, 하나만 사도 무료배송상품을 선택해주세요",1팩
20260723-jaeseong-test-001,1001458646,"[골라담기] 일상味소 국내산 소고기 요리용 8종, 택1",https://www.kurly.com/goods/1001458646,detail_images/1001458646_13_465d0d27594c.jpg,https://product-image.kurly.com/hdims/resize/%3E1010x/quality/90/src/product/image/123ea258-79f7-4292-b403-f0a2f6d35def.jpg,KURLY,상품설명/상세정보 참조,,UNKNOWN,"일상味소 소고기 요리용 8종, 택1",200g,"첫 구매니까, 하나만 사도 무료배송상품을 선택해주세요",1팩
20260723-jaeseong-test-001,1001458646,"[골라담기] 일상味소 국내산 소고기 요리용 8종, 택1",https://www.kurly.com/goods/1001458646,detail_images/1001458646_14_2f62fa7e1c84.jpg,https://product-image.kurly.com/hdims/resize/%3E1010x/quality/90/src/product/image/4a14bc52-ea53-4061-bccc-274a3b074e1d.jpg,KURLY,상품설명/상세정보 참조,,UNKNOWN,"일상味소 소고기 요리용 8종, 택1",200g,"첫 구매니까, 하나만 사도 무료배송상품을 선택해주세요",1팩
20260723-jaeseong-test-001,1001458646,"[골라담기] 일상味소 국내산 소고기 요리용 8종, 택1",https://www.kurly.com/goods/1001458646,detail_images/1001458646_15_f5f8c666c5e2.jpg,https://product-image.kurly.com/hdims/resize/%3E1010x/quality/90/src/product/image/da837963-65ba-4885-a762-430906736d85.jpg,KURLY,상품설명/상세정보 참조,,UNKNOWN,"일상味소 소고기 요리용 8종, 택1",200g,"첫 구매니까, 하나만 사도 무료배송상품을 선택해주세요",1팩
20260723-jaeseong-test-001,1001458646,"[골라담기] 일상味소 국내산 소고기 요리용 8종, 택1",https://www.kurly.com/goods/1001458646,detail_images/1001458646_16_ea60e0116919.jpg,https://product-image.kurly.com/hdims/resize/%3E1010x/quality/90/src/product/image/d26ae8e7-1483-4874-be01-bb4de2a45777.jpg,KURLY,상품설명/상세정보 참조,,UNKNOWN,"일상味소 소고기 요리용 8종, 택1",200g,"첫 구매니까, 하나만 사도 무료배송상품을 선택해주세요",1팩
20260723-jaeseong-test-001,1001458646,"[골라담기] 일상味소 국내산 소고기 요리용 8종, 택1",https://www.kurly.com/goods/1001458646,detail_images/1001458646_17_9c9df9ca613d.jpg,https://product-image.kurly.com/hdims/resize/%3E1010x/quality/90/src/product/image/8bc59ed0-379e-408c-9e6b-cf84598d21b7.jpg,KURLY,상품설명/상세정보 참조,,UNKNOWN,"일상味소 소고기 요리용 8종, 택1",200g,"첫 구매니까, 하나만 사도 무료배송상품을 선택해주세요",1팩
20260723-jaeseong-test-001,1001458646,"[골라담기] 일상味소 국내산 소고기 요리용 8종, 택1",https://www.kurly.com/goods/1001458646,detail_images/1001458646_18_8896f11b1ee5.jpg,https://product-image.kurly.com/hdims/resize/%3E1010x/quality/90/src/product/image/08db5490-d3b8-4d3e-9eec-56b0dde5b7fb.jpg,KURLY,상품설명/상세정보 참조,,UNKNOWN,"일상味소 소고기 요리용 8종, 택1",200g,"첫 구매니까, 하나만 사도 무료배송상품을 선택해주세요",1팩
20260723-jaeseong-test-001,1001458646,"[골라담기] 일상味소 국내산 소고기 요리용 8종, 택1",https://www.kurly.com/goods/1001458646,detail_images/1001458646_19_77034dbf0303.jpg,https://product-image.kurly.com/hdims/resize/%3E1010x/quality/90/src/product/image/c47fcf3d-530a-4411-9cc0-e9c105663f4e.jpg,KURLY,상품설명/상세정보 참조,,UNKNOWN,"일상味소 소고기 요리용 8종, 택1",200g,"첫 구매니까, 하나만 사도 무료배송상품을 선택해주세요",1팩
20260723-jaeseong-test-001,1001458646,"[골라담기] 일상味소 국내산 소고기 요리용 8종, 택1",https://www.kurly.com/goods/1001458646,detail_images/1001458646_20_4ebce64ebb5e.jpg,https://product-image.kurly.com/hdims/resize/%3E1010x/quality/90/src/product/image/6c036ca8-05fd-463a-a1d9-56f8a41a27e9.jpg,KURLY,상품설명/상세정보 참조,,UNKNOWN,"일상味소 소고기 요리용 8종, 택1",200g,"첫 구매니까, 하나만 사도 무료배송상품을 선택해주세요",1팩
20260723-jaeseong-test-001,1001458646,"[골라담기] 일상味소 국내산 소고기 요리용 8종, 택1",https://www.kurly.com/goods/1001458646,detail_images/1001458646_21_512a8977abf1.jpg,https://product-image.kurly.com/hdims/resize/%3E1010x/quality/90/src/product/image/07ca117c-2163-49d6-9999-3b491bcb567c.png,KURLY,상품설명/상세정보 참조,,UNKNOWN,"일상味소 소고기 요리용 8종, 택1",200g,"첫 구매니까, 하나만 사도 무료배송상품을 선택해주세요",1팩
20260723-jaeseong-test-001,1001458646,"[골라담기] 일상味소 국내산 소고기 요리용 8종, 택1",https://www.kurly.com/goods/1001458646,detail_images/1001458646_22_e3bcb6258493.jpg,https://product-image.kurly.com/hdims/resize/%3E1010x/quality/90/src/product/image/519368d9-d5c4-4974-8e41-d85e1ae16b8a.png,KURLY,상품설명/상세정보 참조,,UNKNOWN,"일상味소 소고기 요리용 8종, 택1",200g,"첫 구매니까, 하나만 사도 무료배송상품을 선택해주세요",1팩
20260723-jaeseong-test-001,1001458646,"[골라담기] 일상味소 국내산 소고기 요리용 8종, 택1",https://www.kurly.com/goods/1001458646,detail_images/1001458646_23_5254e123fda3.jpg,https://product-image.kurly.com/hdims/resize/%3E1010x/quality/90/src/product/image/187a6663-cabe-4d5e-a18a-008d093a3e9a.jpg,KURLY,상품설명/상세정보 참조,,UNKNOWN,"일상味소 소고기 요리용 8종, 택1",200g,"첫 구매니까, 하나만 사도 무료배송상품을 선택해주세요",1팩
20260723-jaeseong-test-001,1001458646,"[골라담기] 일상味소 국내산 소고기 요리용 8종, 택1",https://www.kurly.com/goods/1001458646,detail_images/1001458646_24_9e5e64a4c69a.jpg,https://product-image.kurly.com/hdims/resize/%3E1010x/quality/90/src/product/image/b214a3c3-5e04-4d63-b60c-5b9ebf943db2.jpg,KURLY,상품설명/상세정보 참조,,UNKNOWN,"일상味소 소고기 요리용 8종, 택1",200g,"첫 구매니까, 하나만 사도 무료배송상품을 선택해주세요",1팩
20260723-jaeseong-test-001,5055615,[이목] 국내산 소고기 절단 국거리용 200g(냉장),https://www.kurly.com/goods/5055615,detail_images/5055615_01_bc2771a84865.jpg,https://img-cf.kurly.com/hdims/resize/%3E1010x/quality/90/src/shop/data/goodsview/20200827/gv30000116615_1.jpg,KURLY,수령일 기준 최소 7일의 잔여 소비기한,,REFRIGERATED,소고기 절단 국거리용,200g,,1팩
20260723-jaeseong-test-001,5055615,[이목] 국내산 소고기 절단 국거리용 200g(냉장),https://www.kurly.com/goods/5055615,detail_images/5055615_02_81577fcb0c90.jpg,https://img-cf.kurly.com/hdims/resize/%3E1010x/quality/90/src/shop/data/goodsview/20200922/gv20000123498_1.jpg,KURLY,수령일 기준 최소 7일의 잔여 소비기한,,REFRIGERATED,소고기 절단 국거리용,200g,,1팩
20260723-jaeseong-test-001,5055615,[이목] 국내산 소고기 절단 국거리용 200g(냉장),https://www.kurly.com/goods/5055615,detail_images/5055615_03_0e99833479f5.jpg,https://img-cf.kurly.com/hdims/resize/%3E1010x/quality/90/src/shop/data/goodsview/20210512/gv00000182765_1.jpg,KURLY,수령일 기준 최소 7일의 잔여 소비기한,,REFRIGERATED,소고기 절단 국거리용,200g,,1팩
20260723-jaeseong-test-001,5055615,[이목] 국내산 소고기 절단 국거리용 200g(냉장),https://www.kurly.com/goods/5055615,detail_images/5055615_04_dd113e6ad818.jpg,https://img-cf.kurly.com/hdims/resize/%3E1010x/quality/90/src/shop/data/goodsview/20250908/gv10001663938_1.jpg,KURLY,수령일 기준 최소 7일의 잔여 소비기한,,REFRIGERATED,소고기 절단 국거리용,200g,,1팩
20260723-jaeseong-test-001,1000678620,[Kim's butcher] 호주산 목초 홍두깨 200g (육전용),https://www.kurly.com/goods/1000678620,detail_images/1000678620_01_98f084d8acce.jpg,https://img-cf.kurly.com/hdims/resize/%3E1010x/quality/90/src/shop/data/goodsview/20240820/gv10001547443_1.jpg,KURLY,수령일 포함 3일 이상 남은 상품을 보내 드립니다.,・-2~10℃ 사이의 냉장실에 보관해 주세요.,REFRIGERATED,목초 홍두깨 (육전용),200g,,1EA
20260723-jaeseong-test-001,1000678620,[Kim's butcher] 호주산 목초 홍두깨 200g (육전용),https://www.kurly.com/goods/1000678620,detail_images/1000678620_02_63f9233ffaa1.jpg,https://img-cf.kurly.com/hdims/resize/%3E1010x/quality/90/src/shop/data/goodsview/20240820/gv00001547444_1.jpg,KURLY,수령일 포함 3일 이상 남은 상품을 보내 드립니다.,・-2~10℃ 사이의 냉장실에 보관해 주세요.,REFRIGERATED,목초 홍두깨 (육전용),200g,,1EA
20260723-jaeseong-test-001,1000678620,[Kim's butcher] 호주산 목초 홍두깨 200g (육전용),https://www.kurly.com/goods/1000678620,detail_images/1000678620_03_89f377653518.jpg,https://img-cf.kurly.com/hdims/resize/%3E1010x/quality/90/src/shop/data/goodsview/20240820/gv20001547445_1.jpg,KURLY,수령일 포함 3일 이상 남은 상품을 보내 드립니다.,・-2~10℃ 사이의 냉장실에 보관해 주세요.,REFRIGERATED,목초 홍두깨 (육전용),200g,,1EA
20260723-jaeseong-test-001,1000678620,[Kim's butcher] 호주산 목초 홍두깨 200g (육전용),https://www.kurly.com/goods/1000678620,detail_images/1000678620_04_0e99833479f5.jpg,https://img-cf.kurly.com/hdims/resize/%3E1010x/quality/90/src/shop/data/goodsview/20240820/gv30001547450_1.jpeg,KURLY,수령일 포함 3일 이상 남은 상품을 보내 드립니다.,・-2~10℃ 사이의 냉장실에 보관해 주세요.,REFRIGERATED,목초 홍두깨 (육전용),200g,,1EA
20260723-jaeseong-test-001,1000678620,[Kim's butcher] 호주산 목초 홍두깨 200g (육전용),https://www.kurly.com/goods/1000678620,detail_images/1000678620_05_29c45f3e3c8d.jpg,https://img-cf.kurly.com/hdims/resize/%3E1010x/quality/90/src/shop/data/goodsview/20250311/gv10001644326_1.jpg,KURLY,수령일 포함 3일 이상 남은 상품을 보내 드립니다.,・-2~10℃ 사이의 냉장실에 보관해 주세요.,REFRIGERATED,목초 홍두깨 (육전용),200g,,1EA
20260723-jaeseong-test-001,5054443,[이목 무항생제] 국내산 소고기 채끝 구이용 200g (냉장),https://www.kurly.com/goods/5054443,detail_images/5054443_01_1a7c69691cc2.jpg,https://img-cf.kurly.com/hdims/resize/%3E1010x/quality/90/src/shop/data/goodsview/20200804/gv20000111439_1.jpg,KURLY,포장일로부터 최소 5일 이내 제품을 보내 드립니다.,,REFRIGERATED,소고기 채끝 구이용,200g,,1팩
20260723-jaeseong-test-001,5054443,[이목 무항생제] 국내산 소고기 채끝 구이용 200g (냉장),https://www.kurly.com/goods/5054443,detail_images/5054443_02_f166f057d537.jpg,https://img-cf.kurly.com/hdims/resize/%3E1010x/quality/90/src/shop/data/goodsview/20200804/gv00000111440_1.jpg,KURLY,포장일로부터 최소 5일 이내 제품을 보내 드립니다.,,REFRIGERATED,소고기 채끝 구이용,200g,,1팩
20260723-jaeseong-test-001,5054443,[이목 무항생제] 국내산 소고기 채끝 구이용 200g (냉장),https://www.kurly.com/goods/5054443,detail_images/5054443_03_1da1e8875612.jpg,https://img-cf.kurly.com/hdims/resize/%3E1010x/quality/90/src/shop/data/goodsview/20240722/gv30000945302_1.jpg,KURLY,포장일로부터 최소 5일 이내 제품을 보내 드립니다.,,REFRIGERATED,소고기 채끝 구이용,200g,,1팩
20260723-jaeseong-test-001,5054443,[이목 무항생제] 국내산 소고기 채끝 구이용 200g (냉장),https://www.kurly.com/goods/5054443,detail_images/5054443_04_0e99833479f5.jpg,https://img-cf.kurly.com/hdims/resize/%3E1010x/quality/90/src/shop/data/goodsview/20210512/gv20000182739_1.jpg,KURLY,포장일로부터 최소 5일 이내 제품을 보내 드립니다.,,REFRIGERATED,소고기 채끝 구이용,200g,,1팩
20260723-jaeseong-test-001,5054443,[이목 무항생제] 국내산 소고기 채끝 구이용 200g (냉장),https://www.kurly.com/goods/5054443,detail_images/5054443_05_9d34ee856c42.jpg,https://img-cf.kurly.com/hdims/resize/%3E1010x/quality/90/src/shop/data/goodsview/20250919/gv00001664830_1.jpg,KURLY,포장일로부터 최소 5일 이내 제품을 보내 드립니다.,,REFRIGERATED,소고기 채끝 구이용,200g,,1팩
20260724-jaeseong-002,1001351865,[미트빌] 미국산 소고기 초이스 살치살300g (냉장),https://www.kurly.com/goods/1001351865,detail_images/1001351865_01_25d20f46b41f.jpg,https://product-image.kurly.com/hdims/resize/%3E1010x/quality/90/src/product/image/fd710a9a-7dbc-422d-85c7-b4d72ba057a7.jpg,KURLY,"26.07.26까지 주문시, 소비기한이 26.07.29 이후(해당일 포함)인 상품 발송",,REFRIGERATED,소고기 초이스 살치살,300g,,1EA
20260724-jaeseong-002,1001351865,[미트빌] 미국산 소고기 초이스 살치살300g (냉장),https://www.kurly.com/goods/1001351865,detail_images/1001351865_02_7e048db0fd1c.jpg,https://product-image.kurly.com/hdims/resize/%3E1010x/quality/90/src/product/image/fa7178b4-be5e-4fc5-baa0-096ee580dd87.jpg,KURLY,"26.07.26까지 주문시, 소비기한이 26.07.29 이후(해당일 포함)인 상품 발송",,REFRIGERATED,소고기 초이스 살치살,300g,,1EA
20260724-jaeseong-002,1001351865,[미트빌] 미국산 소고기 초이스 살치살300g (냉장),https://www.kurly.com/goods/1001351865,detail_images/1001351865_03_54ee78643a67.jpg,https://product-image.kurly.com/hdims/resize/%3E1010x/quality/90/src/product/image/617d3401-0465-4665-8fde-6c785a2524b9.jpg,KURLY,"26.07.26까지 주문시, 소비기한이 26.07.29 이후(해당일 포함)인 상품 발송",,REFRIGERATED,소고기 초이스 살치살,300g,,1EA
20260724-jaeseong-002,1001351865,[미트빌] 미국산 소고기 초이스 살치살300g (냉장),https://www.kurly.com/goods/1001351865,detail_images/1001351865_04_26d8970e23da.jpg,https://product-image.kurly.com/hdims/resize/%3E1010x/quality/90/src/product/image/7d12db44-b428-4e44-91df-365a12e0bc15.jpg,KURLY,"26.07.26까지 주문시, 소비기한이 26.07.29 이후(해당일 포함)인 상품 발송",,REFRIGERATED,소고기 초이스 살치살,300g,,1EA
20260724-jaeseong-002,1001351865,[미트빌] 미국산 소고기 초이스 살치살300g (냉장),https://www.kurly.com/goods/1001351865,detail_images/1001351865_05_ab56038bb058.jpg,https://product-image.kurly.com/hdims/resize/%3E1010x/quality/90/src/product/image/4df23177-52d3-4f6f-b3a0-48a70a61745f.jpg,KURLY,"26.07.26까지 주문시, 소비기한이 26.07.29 이후(해당일 포함)인 상품 발송",,REFRIGERATED,소고기 초이스 살치살,300g,,1EA
20260724-jaeseong-002,1001351865,[미트빌] 미국산 소고기 초이스 살치살300g (냉장),https://www.kurly.com/goods/1001351865,detail_images/1001351865_06_a33235964f2f.jpg,https://product-image.kurly.com/hdims/resize/%3E1010x/quality/90/src/product/image/2b049b58-addc-4180-815d-9c743e18f40e.jpg,KURLY,"26.07.26까지 주문시, 소비기한이 26.07.29 이후(해당일 포함)인 상품 발송",,REFRIGERATED,소고기 초이스 살치살,300g,,1EA
20260724-jaeseong-002,1001207817,[미트엔조이] 호주산 치마살/살치살 반반팩,https://www.kurly.com/goods/1001207817,detail_images/1001207817_01_10776268e66d.jpg,https://product-image.kurly.com/hdims/resize/%3E1010x/quality/90/src/product/image/b95fefdd-2f77-4c7b-accf-ee8396b50c94.jpg,KURLY,수령일 포함 3일 이상 남은 상품을 보내 드립니다.,-2~10℃ 에서 냉장 보관하세요.,REFRIGERATED,치마살/살치살 반반팩,200g,,1EA
20260724-jaeseong-002,1001207817,[미트엔조이] 호주산 치마살/살치살 반반팩,https://www.kurly.com/goods/1001207817,detail_images/1001207817_02_f23075b11793.jpg,https://product-image.kurly.com/hdims/resize/%3E1010x/quality/90/src/product/image/a3b42802-ea4f-42e4-a8be-483f8a0f6805.jpg,KURLY,수령일 포함 3일 이상 남은 상품을 보내 드립니다.,-2~10℃ 에서 냉장 보관하세요.,REFRIGERATED,치마살/살치살 반반팩,200g,,1EA
20260724-jaeseong-002,1001207817,[미트엔조이] 호주산 치마살/살치살 반반팩,https://www.kurly.com/goods/1001207817,detail_images/1001207817_03_01b5f5d8c94e.jpg,https://product-image.kurly.com/hdims/resize/%3E1010x/quality/90/src/product/image/09cdee66-efae-4a2e-b303-6fe33fe07fbb.jpg,KURLY,수령일 포함 3일 이상 남은 상품을 보내 드립니다.,-2~10℃ 에서 냉장 보관하세요.,REFRIGERATED,치마살/살치살 반반팩,200g,,1EA
20260724-jaeseong-002,1001207817,[미트엔조이] 호주산 치마살/살치살 반반팩,https://www.kurly.com/goods/1001207817,detail_images/1001207817_04_d8a9ac27c9b2.jpg,https://product-image.kurly.com/hdims/resize/%3E1010x/quality/90/src/product/image/afc59c6e-d154-40ab-b226-3dfa9ab1f30b.jpg,KURLY,수령일 포함 3일 이상 남은 상품을 보내 드립니다.,-2~10℃ 에서 냉장 보관하세요.,REFRIGERATED,치마살/살치살 반반팩,200g,,1EA
20260724-jaeseong-002,1001207817,[미트엔조이] 호주산 치마살/살치살 반반팩,https://www.kurly.com/goods/1001207817,detail_images/1001207817_05_45edb7c25887.jpg,https://product-image.kurly.com/hdims/resize/%3E1010x/quality/90/src/product/image/29579168-4e41-4fb3-b268-5afebb5b1e8b.jpg,KURLY,수령일 포함 3일 이상 남은 상품을 보내 드립니다.,-2~10℃ 에서 냉장 보관하세요.,REFRIGERATED,치마살/살치살 반반팩,200g,,1EA
20260724-jaeseong-002,1001207817,[미트엔조이] 호주산 치마살/살치살 반반팩,https://www.kurly.com/goods/1001207817,detail_images/1001207817_06_503c2809c32b.jpg,https://product-image.kurly.com/hdims/resize/%3E1010x/quality/90/src/product/image/e20a10ea-afdb-4b66-888e-3548d09601c7.jpg,KURLY,수령일 포함 3일 이상 남은 상품을 보내 드립니다.,-2~10℃ 에서 냉장 보관하세요.,REFRIGERATED,치마살/살치살 반반팩,200g,,1EA
20260724-jaeseong-002,1001207817,[미트엔조이] 호주산 치마살/살치살 반반팩,https://www.kurly.com/goods/1001207817,detail_images/1001207817_07_f97ac6054d97.jpg,https://product-image.kurly.com/hdims/resize/%3E1010x/quality/90/src/product/image/8691301a-91da-44f1-a0c8-d489a0c0293a.jpg,KURLY,수령일 포함 3일 이상 남은 상품을 보내 드립니다.,-2~10℃ 에서 냉장 보관하세요.,REFRIGERATED,치마살/살치살 반반팩,200g,,1EA
20260724-jaeseong-002,1001207817,[미트엔조이] 호주산 치마살/살치살 반반팩,https://www.kurly.com/goods/1001207817,detail_images/1001207817_08_a9dd6dc70ad5.jpg,https://product-image.kurly.com/hdims/resize/%3E1010x/quality/90/src/product/image/5d16447e-f26b-47bf-8385-0b73ac3f9fea.jpg,KURLY,수령일 포함 3일 이상 남은 상품을 보내 드립니다.,-2~10℃ 에서 냉장 보관하세요.,REFRIGERATED,치마살/살치살 반반팩,200g,,1EA
20260724-jaeseong-002,1001249383,[RARE : 레어] 1++(8) 한우 살치살 로스 200g,https://www.kurly.com/goods/1001249383,detail_images/1001249383_01_7fd84d114683.jpg,https://product-image.kurly.com/hdims/resize/%3E1010x/quality/90/src/product/image/e5e5827c-7855-4326-9fb5-792519929b84.jpg,KURLY,상품설명/상세정보 참조,,UNKNOWN,1++(8) 살치살 로스,200g,,1팩
20260724-jaeseong-002,1001249383,[RARE : 레어] 1++(8) 한우 살치살 로스 200g,https://www.kurly.com/goods/1001249383,detail_images/1001249383_02_27afa8b157ad.jpg,https://product-image.kurly.com/hdims/resize/%3E1010x/quality/90/src/product/image/23de626a-c5cb-48b3-9739-4a84c3378025.jpg,KURLY,상품설명/상세정보 참조,,UNKNOWN,1++(8) 살치살 로스,200g,,1팩
20260724-jaeseong-002,1001249383,[RARE : 레어] 1++(8) 한우 살치살 로스 200g,https://www.kurly.com/goods/1001249383,detail_images/1001249383_03_cebfd0894eea.jpg,https://product-image.kurly.com/hdims/resize/%3E1010x/quality/90/src/product/image/981e5efd-86a2-4c43-8a9f-c53e590b8cc0.jpg,KURLY,상품설명/상세정보 참조,,UNKNOWN,1++(8) 살치살 로스,200g,,1팩
20260724-jaeseong-002,1001249383,[RARE : 레어] 1++(8) 한우 살치살 로스 200g,https://www.kurly.com/goods/1001249383,detail_images/1001249383_04_6fda42ff1122.jpg,https://product-image.kurly.com/hdims/resize/%3E1010x/quality/90/src/product/image/3015a5dc-a0d9-41be-ace2-8ebf728cea0b.jpg,KURLY,상품설명/상세정보 참조,,UNKNOWN,1++(8) 살치살 로스,200g,,1팩
20260724-jaeseong-002,1001249383,[RARE : 레어] 1++(8) 한우 살치살 로스 200g,https://www.kurly.com/goods/1001249383,detail_images/1001249383_05_7285b179172a.jpg,https://product-image.kurly.com/hdims/resize/%3E1010x/quality/90/src/product/image/44dc5410-1448-4eea-9094-46cb240fbb53.jpg,KURLY,상품설명/상세정보 참조,,UNKNOWN,1++(8) 살치살 로스,200g,,1팩
20260724-jaeseong-002,1001249383,[RARE : 레어] 1++(8) 한우 살치살 로스 200g,https://www.kurly.com/goods/1001249383,detail_images/1001249383_06_4ac4d61f4a05.jpg,https://product-image.kurly.com/hdims/resize/%3E1010x/quality/90/src/product/image/84aa54eb-7789-4643-b3b1-9e3c4e5d3f3e.jpg,KURLY,상품설명/상세정보 참조,,UNKNOWN,1++(8) 살치살 로스,200g,,1팩
20260724-jaeseong-002,1001765609,[파브리 셰프] 살치살 스테이크 w.치즈크림소스,https://www.kurly.com/goods/1001765609,detail_images/1001765609_01_caf8840b6368.jpg,https://product-image.kurly.com/hdims/resize/%3E1010x/quality/90/src/product/image/7c4c1d60-eaab-4a1b-92c5-1538c2e6731a.jpg,KURLY,이 27.05.10 이후(해당일 포함)인 상품 발송,,UNKNOWN,살치살 스테이크 w.치즈크림소스,330g,,1팩
20260724-jaeseong-002,1001765609,[파브리 셰프] 살치살 스테이크 w.치즈크림소스,https://www.kurly.com/goods/1001765609,detail_images/1001765609_02_6a397002d76c.jpg,https://product-image.kurly.com/hdims/resize/%3E1010x/quality/90/src/product/image/eda5e599-2981-45cc-908b-cca70330b274.jpg,KURLY,이 27.05.10 이후(해당일 포함)인 상품 발송,,UNKNOWN,살치살 스테이크 w.치즈크림소스,330g,,1팩
20260724-jaeseong-002,1001765609,[파브리 셰프] 살치살 스테이크 w.치즈크림소스,https://www.kurly.com/goods/1001765609,detail_images/1001765609_03_9a6f59446258.jpg,https://product-image.kurly.com/hdims/resize/%3E1010x/quality/90/src/product/image/aa543da3-09d6-49c4-b5d3-858ea535c672.jpg,KURLY,이 27.05.10 이후(해당일 포함)인 상품 발송,,UNKNOWN,살치살 스테이크 w.치즈크림소스,330g,,1팩
20260724-jaeseong-002,1001765609,[파브리 셰프] 살치살 스테이크 w.치즈크림소스,https://www.kurly.com/goods/1001765609,detail_images/1001765609_04_98becbd9ac7e.jpg,https://product-image.kurly.com/hdims/resize/%3E1010x/quality/90/src/product/image/154d12d0-6944-434f-b95d-7104702f89e1.jpg,KURLY,이 27.05.10 이후(해당일 포함)인 상품 발송,,UNKNOWN,살치살 스테이크 w.치즈크림소스,330g,,1팩
20260724-jaeseong-002,1000662314,[PPUL] 1++(9) 한우 살치살 스테이크 150g (냉장),https://www.kurly.com/goods/1000662314,detail_images/1000662314_01_3fa156d016ec.jpg,https://product-image.kurly.com/hdims/resize/%3E1010x/quality/90/src/product/description/notice/10604cf3-8caf-4694-810a-5707a252235a.png,KURLY,포장일로부터 최소 8일 이내 제품을 보내드립니다.,,REFRIGERATED,1++(9) 살치살 스테이크,150g,,1팩
20260724-jaeseong-002,1000662314,[PPUL] 1++(9) 한우 살치살 스테이크 150g (냉장),https://www.kurly.com/goods/1000662314,detail_images/1000662314_02_7624d9c529d3.jpg,https://img-cf.kurly.com/hdims/resize/%3E1010x/quality/90/src/shop/data/goodsview/20240731/gv10000948870_1.jpg,KURLY,포장일로부터 최소 8일 이내 제품을 보내드립니다.,,REFRIGERATED,1++(9) 살치살 스테이크,150g,,1팩
20260724-jaeseong-002,1000662314,[PPUL] 1++(9) 한우 살치살 스테이크 150g (냉장),https://www.kurly.com/goods/1000662314,detail_images/1000662314_03_401de0a5a60d.jpg,https://img-cf.kurly.com/hdims/resize/%3E1010x/quality/90/src/shop/data/goodsview/20240731/gv30000948968_1.jpg,KURLY,포장일로부터 최소 8일 이내 제품을 보내드립니다.,,REFRIGERATED,1++(9) 살치살 스테이크,150g,,1팩
20260724-jaeseong-002,1000662314,[PPUL] 1++(9) 한우 살치살 스테이크 150g (냉장),https://www.kurly.com/goods/1000662314,detail_images/1000662314_04_5df1bce64f6d.jpg,https://img-cf.kurly.com/hdims/resize/%3E1010x/quality/90/src/shop/data/goodsview/20240730/gv10000948553_1.jpg,KURLY,포장일로부터 최소 8일 이내 제품을 보내드립니다.,,REFRIGERATED,1++(9) 살치살 스테이크,150g,,1팩
20260724-jaeseong-002,1000662314,[PPUL] 1++(9) 한우 살치살 스테이크 150g (냉장),https://www.kurly.com/goods/1000662314,detail_images/1000662314_05_6d3a868695cb.jpg,https://img-cf.kurly.com/hdims/resize/%3E1010x/quality/90/src/shop/data/goodsview/20241111/gv00001609688_1.jpg,KURLY,포장일로부터 최소 8일 이내 제품을 보내드립니다.,,REFRIGERATED,1++(9) 살치살 스테이크,150g,,1팩
20260724-jaeseong-002,1000662314,[PPUL] 1++(9) 한우 살치살 스테이크 150g (냉장),https://www.kurly.com/goods/1000662314,detail_images/1000662314_06_425d822bbc7f.jpg,https://img-cf.kurly.com/hdims/resize/%3E1010x/quality/90/src/shop/data/goodsview/20240730/gv40000948556_1.jpg,KURLY,포장일로부터 최소 8일 이내 제품을 보내드립니다.,,REFRIGERATED,1++(9) 살치살 스테이크,150g,,1팩
20260724-jaeseong-002,1000662314,[PPUL] 1++(9) 한우 살치살 스테이크 150g (냉장),https://www.kurly.com/goods/1000662314,detail_images/1000662314_07_63238205c748.jpg,https://img-cf.kurly.com/hdims/resize/%3E1010x/quality/90/src/shop/data/goodsview/20241205/gv20001620653_1.png,KURLY,포장일로부터 최소 8일 이내 제품을 보내드립니다.,,REFRIGERATED,1++(9) 살치살 스테이크,150g,,1팩
20260724-jaeseong-002,1000662314,[PPUL] 1++(9) 한우 살치살 스테이크 150g (냉장),https://www.kurly.com/goods/1000662314,detail_images/1000662314_08_420d52f4487c.jpg,https://img-cf.kurly.com/hdims/resize/%3E1010x/quality/90/src/shop/data/goodsview/20240730/gv30000948558_1.jpg,KURLY,포장일로부터 최소 8일 이내 제품을 보내드립니다.,,REFRIGERATED,1++(9) 살치살 스테이크,150g,,1팩
20260724-jaeseong-002,1000662314,[PPUL] 1++(9) 한우 살치살 스테이크 150g (냉장),https://www.kurly.com/goods/1000662314,detail_images/1000662314_09_0e99833479f5.jpg,https://img-cf.kurly.com/hdims/resize/%3E1010x/quality/90/src/shop/data/goodsview/20240730/gv40000948560_1.jpg,KURLY,포장일로부터 최소 8일 이내 제품을 보내드립니다.,,REFRIGERATED,1++(9) 살치살 스테이크,150g,,1팩
20260724-jaeseong-002,1000662314,[PPUL] 1++(9) 한우 살치살 스테이크 150g (냉장),https://www.kurly.com/goods/1000662314,detail_images/1000662314_10_2a163aeebda1.jpg,https://img-cf.kurly.com/hdims/resize/%3E1010x/quality/90/src/shop/data/goodsview/20240730/gv30000948561_1.jpg,KURLY,포장일로부터 최소 8일 이내 제품을 보내드립니다.,,REFRIGERATED,1++(9) 살치살 스테이크,150g,,1팩
20260802-jaeseong-001,1000858612,[KF365] 컷팅파인애플 1kg,https://www.kurly.com/goods/1000858612,detail_images/1000858612_01_bc4fee6dc1db.jpg,https://product-image.kurly.com/hdims/resize/%3E1010x/quality/90/src/product/image/daf30045-b0f4-49e4-bf84-c882ba88c412.jpg,KURLY,제품상단 별도표기일까지,0~10ºC에서 냉장 보관하세요.,REFRIGERATED,컷팅파인애플,1kg,,1팩
20260802-jaeseong-001,1000858612,[KF365] 컷팅파인애플 1kg,https://www.kurly.com/goods/1000858612,detail_images/1000858612_02_f8ce72c7a859.jpg,https://product-image.kurly.com/hdims/resize/%3E1010x/quality/90/src/product/image/61802937-7b5a-40d7-a8e7-e543ccaaef2a.jpg,KURLY,제품상단 별도표기일까지,0~10ºC에서 냉장 보관하세요.,REFRIGERATED,컷팅파인애플,1kg,,1팩
20260802-jaeseong-001,1000858612,[KF365] 컷팅파인애플 1kg,https://www.kurly.com/goods/1000858612,detail_images/1000858612_03_8856da1d3eb3.jpg,https://product-image.kurly.com/hdims/resize/%3E1010x/quality/90/src/product/image/3d9be006-4f63-4ed4-b5a9-9499306d8270.jpg,KURLY,제품상단 별도표기일까지,0~10ºC에서 냉장 보관하세요.,REFRIGERATED,컷팅파인애플,1kg,,1팩
20260802-jaeseong-001,1000858612,[KF365] 컷팅파인애플 1kg,https://www.kurly.com/goods/1000858612,detail_images/1000858612_04_a9eddf841ad3.jpg,https://product-image.kurly.com/hdims/resize/%3E1010x/quality/90/src/product/image/c776a4d9-033b-4285-9d60-59e962014f79.jpg,KURLY,제품상단 별도표기일까지,0~10ºC에서 냉장 보관하세요.,REFRIGERATED,컷팅파인애플,1kg,,1팩
20260802-jaeseong-001,1002032799,[Dole] 스위티오 파인애플 스틱 600g,https://www.kurly.com/goods/1002032799,detail_images/1002032799_01_fc8b21116d25.jpg,https://product-image.kurly.com/hdims/resize/%3E1010x/quality/90/src/product/image/28609097-485d-409a-9bcc-a4f2d414f7e9.jpg,KURLY,제품 별도 표기,,UNKNOWN,스위티오 파인애플 스틱,600g,"첫 구매니까, 하나만 사도 무료배송상품을 선택해주세요",1팩
20260802-jaeseong-001,1002032799,[Dole] 스위티오 파인애플 스틱 600g,https://www.kurly.com/goods/1002032799,detail_images/1002032799_02_f68dbf949687.jpg,https://product-image.kurly.com/hdims/resize/%3E1010x/quality/90/src/product/image/a46f8588-c79f-440b-b6d6-3976eee54364.jpg,KURLY,제품 별도 표기,,UNKNOWN,스위티오 파인애플 스틱,600g,"첫 구매니까, 하나만 사도 무료배송상품을 선택해주세요",1팩
20260802-jaeseong-001,1002032799,[Dole] 스위티오 파인애플 스틱 600g,https://www.kurly.com/goods/1002032799,detail_images/1002032799_03_10a50ebe8707.jpg,https://product-image.kurly.com/hdims/resize/%3E1010x/quality/90/src/product/image/8c10ea81-4d92-4fb8-a549-1d266acd404c.jpg,KURLY,제품 별도 표기,,UNKNOWN,스위티오 파인애플 스틱,600g,"첫 구매니까, 하나만 사도 무료배송상품을 선택해주세요",1팩
20260802-jaeseong-001,1002032799,[Dole] 스위티오 파인애플 스틱 600g,https://www.kurly.com/goods/1002032799,detail_images/1002032799_04_356ee7c93ec6.jpg,https://product-image.kurly.com/hdims/resize/%3E1010x/quality/90/src/product/image/3987452d-1f82-4362-a9e6-79cab552e880.jpg,KURLY,제품 별도 표기,,UNKNOWN,스위티오 파인애플 스틱,600g,"첫 구매니까, 하나만 사도 무료배송상품을 선택해주세요",1팩
20260802-jaeseong-001,1002262731,[Dole] 스위티오 파인애플 슬라이스 400g,https://www.kurly.com/goods/1002262731,detail_images/1002262731_01_00400cc19845.jpg,https://product-image.kurly.com/hdims/resize/%3E1010x/quality/90/src/product/image/562109b3-2220-4818-9979-4f2a949dd91f.jpg,KURLY,이 26.08.04 이후(해당일 포함)인 상품 발송,0~10℃에서 냉장 보관해 주세요. 개봉 후에는 가급적 빨리 섭취하세요.,REFRIGERATED,스위티오 파인애플 슬라이스,400g,,1팩
20260802-jaeseong-001,1002262731,[Dole] 스위티오 파인애플 슬라이스 400g,https://www.kurly.com/goods/1002262731,detail_images/1002262731_02_497fd2894841.jpg,https://product-image.kurly.com/hdims/resize/%3E1010x/quality/90/src/product/image/4f404e4e-be9d-4ec6-b07d-ae6664aee8fb.jpg,KURLY,이 26.08.04 이후(해당일 포함)인 상품 발송,0~10℃에서 냉장 보관해 주세요. 개봉 후에는 가급적 빨리 섭취하세요.,REFRIGERATED,스위티오 파인애플 슬라이스,400g,,1팩
20260802-jaeseong-001,1002262731,[Dole] 스위티오 파인애플 슬라이스 400g,https://www.kurly.com/goods/1002262731,detail_images/1002262731_03_fa20944e0fc2.jpg,https://product-image.kurly.com/hdims/resize/%3E1010x/quality/90/src/product/image/09fc4994-588d-4089-8f2d-c89665d34579.jpg,KURLY,이 26.08.04 이후(해당일 포함)인 상품 발송,0~10℃에서 냉장 보관해 주세요. 개봉 후에는 가급적 빨리 섭취하세요.,REFRIGERATED,스위티오 파인애플 슬라이스,400g,,1팩
20260802-jaeseong-001,1002262731,[Dole] 스위티오 파인애플 슬라이스 400g,https://www.kurly.com/goods/1002262731,detail_images/1002262731_04_f5727ec6abc3.jpg,https://product-image.kurly.com/hdims/resize/%3E1010x/quality/90/src/product/image/91a56326-ea0c-4aa9-a3cb-ae69a9799ae8.jpg,KURLY,이 26.08.04 이후(해당일 포함)인 상품 발송,0~10℃에서 냉장 보관해 주세요. 개봉 후에는 가급적 빨리 섭취하세요.,REFRIGERATED,스위티오 파인애플 슬라이스,400g,,1팩
20260802-jaeseong-001,5063479,[Dole] 스위티오 파인애플 청크 400g,https://www.kurly.com/goods/5063479,detail_images/5063479_01_24a10107acc1.jpg,https://product-image.kurly.com/hdims/resize/%3E1010x/quality/90/src/product/image/3512de0d-e640-42d6-a975-e3078f175e81.jpg,KURLY,제품 별도 표기,0~10°C에서 냉장 보관하세요. 개봉 후에는 가급적 빠른 시일 내 섭취하세요.,REFRIGERATED,스위티오 파인애플 청크,400g,,1팩
20260802-jaeseong-001,5063479,[Dole] 스위티오 파인애플 청크 400g,https://www.kurly.com/goods/5063479,detail_images/5063479_02_ac27fc80a80b.jpg,https://product-image.kurly.com/hdims/resize/%3E1010x/quality/90/src/product/image/50a7699d-57b5-459e-ade8-3375cd829253.jpg,KURLY,제품 별도 표기,0~10°C에서 냉장 보관하세요. 개봉 후에는 가급적 빠른 시일 내 섭취하세요.,REFRIGERATED,스위티오 파인애플 청크,400g,,1팩
20260802-jaeseong-001,5063479,[Dole] 스위티오 파인애플 청크 400g,https://www.kurly.com/goods/5063479,detail_images/5063479_03_9af6c7fbc0d3.jpg,https://product-image.kurly.com/hdims/resize/%3E1010x/quality/90/src/product/image/30bac7d2-3e0a-4f5c-871e-91d3407a4dab.jpg,KURLY,제품 별도 표기,0~10°C에서 냉장 보관하세요. 개봉 후에는 가급적 빠른 시일 내 섭취하세요.,REFRIGERATED,스위티오 파인애플 청크,400g,,1팩
20260802-jaeseong-001,1000858627,[KF365] 컷팅파인애플 원통 500g,https://www.kurly.com/goods/1000858627,detail_images/1000858627_01_7ba555cc8d17.jpg,https://product-image.kurly.com/hdims/resize/%3E1010x/quality/90/src/product/image/0055d009-9e83-48f4-ace8-be6a1bb8605b.jpg,KURLY,제품상단 별도표기일까지,0~10ºC에서 냉장 보관하세요.,REFRIGERATED,컷팅파인애플 원통,500g,,1팩
20260802-jaeseong-001,1000858627,[KF365] 컷팅파인애플 원통 500g,https://www.kurly.com/goods/1000858627,detail_images/1000858627_02_f8ce72c7a859.jpg,https://product-image.kurly.com/hdims/resize/%3E1010x/quality/90/src/product/image/61802937-7b5a-40d7-a8e7-e543ccaaef2a.jpg,KURLY,제품상단 별도표기일까지,0~10ºC에서 냉장 보관하세요.,REFRIGERATED,컷팅파인애플 원통,500g,,1팩
20260802-jaeseong-001,1000858627,[KF365] 컷팅파인애플 원통 500g,https://www.kurly.com/goods/1000858627,detail_images/1000858627_03_43b09125983e.jpg,https://product-image.kurly.com/hdims/resize/%3E1010x/quality/90/src/product/image/0974b958-92f8-46d0-96df-af5e8beb7c92.jpg,KURLY,제품상단 별도표기일까지,0~10ºC에서 냉장 보관하세요.,REFRIGERATED,컷팅파인애플 원통,500g,,1팩
20260802-jaeseong-001,1000858627,[KF365] 컷팅파인애플 원통 500g,https://www.kurly.com/goods/1000858627,detail_images/1000858627_04_8cb459464f20.jpg,https://product-image.kurly.com/hdims/resize/%3E1010x/quality/90/src/product/image/fb32debd-7135-4c3c-b5c4-91f9e4729b1f.jpg,KURLY,제품상단 별도표기일까지,0~10ºC에서 냉장 보관하세요.,REFRIGERATED,컷팅파인애플 원통,500g,,1팩
